date,residuals
2021-03-23 00:00:00+00:00,0.3021668797802306
2021-03-24 00:00:00+00:00,1.113107852004851
2021-03-25 00:00:00+00:00,1.614543983208348
2021-03-26 00:00:00+00:00,2.954422105527285
2021-03-27 00:00:00+00:00,-1.1172281109629658
2021-03-28 00:00:00+00:00,1.5975383329719177
2021-03-29 00:00:00+00:00,4.555001756847952
2021-03-30 00:00:00+00:00,5.761443791490804
2021-03-31 00:00:00+00:00,7.643979369971662
2021-04-01 00:00:00+00:00,1.1818077184536193
2021-04-02 00:00:00+00:00,-1.8333773530486468
2021-04-03 00:00:00+00:00,-1.511956959993177
2021-04-04 00:00:00+00:00,-1.1164021527163097
2021-04-05 00:00:00+00:00,-3.8716769259166766
2021-04-06 00:00:00+00:00,-5.5048359282148756
2021-04-07 00:00:00+00:00,-4.765843271785936
2021-04-08 00:00:00+00:00,-2.6192507420617606
2021-04-09 00:00:00+00:00,-1.225441307500681
2021-04-10 00:00:00+00:00,-4.173966629421198
2021-04-11 00:00:00+00:00,-4.6689564718970225
2021-04-12 00:00:00+00:00,-4.935378711710487
2021-04-13 00:00:00+00:00,-4.0898672483613945
2021-04-14 00:00:00+00:00,-4.586553214128295
2021-04-15 00:00:00+00:00,-3.975400784179265
2021-04-16 00:00:00+00:00,-3.2063789867291996
2021-04-17 00:00:00+00:00,-2.9377847132405375
2021-04-18 00:00:00+00:00,-0.6529166286645065
2021-04-19 00:00:00+00:00,0.04409451828022881
2021-04-20 00:00:00+00:00,1.1157836847944989
2021-04-21 00:00:00+00:00,-2.0044837763457544
2021-04-22 00:00:00+00:00,-3.879169627162156
2021-04-23 00:00:00+00:00,-2.9874072548718162
2021-04-24 00:00:00+00:00,-3.158326182307327
2021-04-25 00:00:00+00:00,-4.146059078355864
2021-04-26 00:00:00+00:00,-3.8964035684142315
2021-04-27 00:00:00+00:00,-1.7030747448567585
2021-04-28 00:00:00+00:00,-1.1472876775130079
2021-04-29 00:00:00+00:00,-3.935253924152117
2021-04-30 00:00:00+00:00,-3.377355640970735
2021-05-01 00:00:00+00:00,-3.961061193081406
2021-05-02 00:00:00+00:00,-4.832164164998323
2021-05-03 00:00:00+00:00,-2.303132371117357
2021-05-04 00:00:00+00:00,-3.640594566187195
2021-05-05 00:00:00+00:00,-4.511182155768593
2021-05-06 00:00:00+00:00,-5.094029606678567
2021-05-07 00:00:00+00:00,-4.859931757416447
2021-05-08 00:00:00+00:00,-3.2755198285687346
2021-05-09 00:00:00+00:00,4.2759032668103245
2021-05-10 00:00:00+00:00,2.048543712845552
2021-05-11 00:00:00+00:00,0.6549342805180611
2021-05-12 00:00:00+00:00,-0.6215563826240409
2021-05-13 00:00:00+00:00,-0.8558947627184139
2021-05-14 00:00:00+00:00,-2.8063784898017072
2021-05-15 00:00:00+00:00,-3.7979743479801567
2021-05-16 00:00:00+00:00,-2.122315285554638
2021-05-17 00:00:00+00:00,-2.8251974250971212
2021-05-18 00:00:00+00:00,-2.9107600734755152
2021-05-19 00:00:00+00:00,-2.753964731824036
2021-05-20 00:00:00+00:00,-1.700610105456052
2021-05-21 00:00:00+00:00,-1.771504113716512
2021-05-22 00:00:00+00:00,-3.3082718997710483
2021-05-23 00:00:00+00:00,-2.86088684032884
2021-05-24 00:00:00+00:00,-3.4376445552963713
2021-05-25 00:00:00+00:00,-4.336433917359225
2021-05-26 00:00:00+00:00,-3.921806061489063
2021-05-27 00:00:00+00:00,-3.241643394373007
2021-05-28 00:00:00+00:00,-1.8980046037626188
2021-05-29 00:00:00+00:00,-2.4158486677396667
2021-05-30 00:00:00+00:00,-0.9493178638960469
2021-05-31 00:00:00+00:00,0.9224532215749868
2021-06-01 00:00:00+00:00,3.2994946848788693
2021-06-02 00:00:00+00:00,4.627667295713799
2021-06-03 00:00:00+00:00,4.836171488461382
2021-06-04 00:00:00+00:00,3.750036353476519
2021-06-05 00:00:00+00:00,-0.3890483715208646
2021-06-06 00:00:00+00:00,0.44395069005020105
2021-06-07 00:00:00+00:00,0.7157225452346374
2021-06-08 00:00:00+00:00,2.4513018232536083
2021-06-09 00:00:00+00:00,3.0507117673285684
2021-06-10 00:00:00+00:00,3.0139802266195623
2021-06-11 00:00:00+00:00,3.1036366482801245
2021-06-12 00:00:00+00:00,-0.06779893036885554
2021-06-13 00:00:00+00:00,0.1122041104560072
2021-06-14 00:00:00+00:00,3.181166965419269
2021-06-15 00:00:00+00:00,0.9432833966111787
2021-06-16 00:00:00+00:00,5.331909726220152
2021-06-17 00:00:00+00:00,6.005402829335459
2021-06-18 00:00:00+00:00,4.059625126882207
2021-06-19 00:00:00+00:00,1.0237595786906795
2021-06-20 00:00:00+00:00,0.09783467670219537
2021-06-21 00:00:00+00:00,-3.518131561686646
2021-06-22 00:00:00+00:00,-2.365786600139254
2021-06-23 00:00:00+00:00,-2.8159413897520142
2021-06-24 00:00:00+00:00,-1.8727423752829626
2021-06-25 00:00:00+00:00,-1.0611635012344482
2021-06-26 00:00:00+00:00,0.8688057822121387
2021-06-27 00:00:00+00:00,2.32552751341127
2021-06-28 00:00:00+00:00,1.717347213619508
2021-06-29 00:00:00+00:00,-0.7348841184852368
2021-06-30 00:00:00+00:00,-3.272808012129781
2021-07-01 00:00:00+00:00,-2.2130865296155697
2021-07-02 00:00:00+00:00,0.09847072866919859
2021-07-03 00:00:00+00:00,0.5160466193966471
2021-07-04 00:00:00+00:00,-0.26034754839300334
2021-07-05 00:00:00+00:00,-1.0848570178216477
2021-07-06 00:00:00+00:00,0.3050254114599191
2021-07-07 00:00:00+00:00,-0.5156816209301134
2021-07-08 00:00:00+00:00,0.26136395985925276
2021-07-09 00:00:00+00:00,0.2820116600427589
2021-07-10 00:00:00+00:00,0.05876941349809783
2021-07-11 00:00:00+00:00,0.23332057823449048
2021-07-12 00:00:00+00:00,0.9265079330316652
2021-07-13 00:00:00+00:00,0.925839674250259
2021-07-14 00:00:00+00:00,1.418823412814529
2021-07-15 00:00:00+00:00,0.7304771713683245
2021-07-16 00:00:00+00:00,-0.23086861839483674
2021-07-17 00:00:00+00:00,1.2931318817731423
2021-07-18 00:00:00+00:00,1.9191559143554784
2021-07-19 00:00:00+00:00,0.18886912392733635
2021-07-20 00:00:00+00:00,-0.4268794448104032
2021-07-21 00:00:00+00:00,1.2677406511801372
2021-07-22 00:00:00+00:00,-0.45642674833686314
2021-07-23 00:00:00+00:00,-0.3952174083030897
2021-07-24 00:00:00+00:00,1.3472143003807133
2021-07-25 00:00:00+00:00,1.6875303997807976
2021-07-26 00:00:00+00:00,0.329907304036162
2021-07-27 00:00:00+00:00,0.07017281864414926
2021-07-28 00:00:00+00:00,-0.7833318600738117
2021-07-29 00:00:00+00:00,-0.8764451453262403
2021-07-30 00:00:00+00:00,-1.325832060025217
2021-07-31 00:00:00+00:00,-1.818990236779623
2021-08-01 00:00:00+00:00,-2.305925917707931
2021-08-02 00:00:00+00:00,-2.9491369540706565
2021-08-03 00:00:00+00:00,-2.569461305722527
2021-08-04 00:00:00+00:00,-1.2002325403845617
2021-08-05 00:00:00+00:00,0.1418771672636865
2021-08-06 00:00:00+00:00,-0.34730796332844704
2021-08-07 00:00:00+00:00,-0.8344518173160616
2021-08-08 00:00:00+00:00,-0.9612258830131033
2021-08-09 00:00:00+00:00,-1.3943112502682666
2021-08-10 00:00:00+00:00,-0.5587066086629342
2021-08-11 00:00:00+00:00,0.628906754468403
2021-08-12 00:00:00+00:00,1.1393609561945581
2021-08-13 00:00:00+00:00,0.6143105203203625
2021-08-14 00:00:00+00:00,0.6162453798948917
2021-08-15 00:00:00+00:00,1.8993288798945187
2021-08-16 00:00:00+00:00,-1.5072892199199917
2021-08-17 00:00:00+00:00,-2.4827807419732455
2021-08-18 00:00:00+00:00,-0.4438330876726937
2021-08-19 00:00:00+00:00,-1.027949234034761
2021-08-20 00:00:00+00:00,0.7731892698593477
2021-08-21 00:00:00+00:00,1.5158173065771123
2021-08-22 00:00:00+00:00,0.48533919421635474
2021-08-23 00:00:00+00:00,0.7588246904539488
2021-08-24 00:00:00+00:00,-0.1408230032396638
2021-08-25 00:00:00+00:00,-0.7177892372213321
2021-08-26 00:00:00+00:00,-2.001256909132799
2021-08-27 00:00:00+00:00,-1.7745724591963192
2021-08-28 00:00:00+00:00,-1.0502558653497314
2021-08-29 00:00:00+00:00,-2.1199896382224264
2021-08-30 00:00:00+00:00,-0.3421258159536684
2021-08-31 00:00:00+00:00,-2.0041799588547917
2021-09-01 00:00:00+00:00,-1.1603441439169533
2021-09-02 00:00:00+00:00,-0.5397999591659008
2021-09-03 00:00:00+00:00,-1.2383994978655917
2021-09-04 00:00:00+00:00,-1.5020013525722398
2021-09-05 00:00:00+00:00,-0.1347926090406908
2021-09-06 00:00:00+00:00,1.6173771600152236
2021-09-07 00:00:00+00:00,3.987814901306404
2021-09-08 00:00:00+00:00,4.630665087494375
2021-09-09 00:00:00+00:00,4.554235723857516
2021-09-10 00:00:00+00:00,2.9543433550955562
2021-09-11 00:00:00+00:00,1.1934580722703885
2021-09-12 00:00:00+00:00,0.12156051988106498
2021-09-13 00:00:00+00:00,-0.6363800969289439
2021-09-14 00:00:00+00:00,1.5112799949653777
2021-09-15 00:00:00+00:00,0.21035214413567083
2021-09-16 00:00:00+00:00,-0.16836371780914128
2021-09-17 00:00:00+00:00,0.5501139314911931
2021-09-18 00:00:00+00:00,0.9740872129834415
2021-09-19 00:00:00+00:00,0.5951958541547935
2021-09-20 00:00:00+00:00,-1.5907558028967284
2021-09-21 00:00:00+00:00,-1.4254587932778655
2021-09-22 00:00:00+00:00,0.2431374789959051
2021-09-23 00:00:00+00:00,0.37959324940559647
2021-09-24 00:00:00+00:00,1.8651234014405844
2021-09-25 00:00:00+00:00,2.9726164752146484
2021-09-26 00:00:00+00:00,3.718715676183642
2021-09-27 00:00:00+00:00,0.7617158839621432
2021-09-28 00:00:00+00:00,-0.3192413387633888
2021-09-29 00:00:00+00:00,-2.7616907372277613
2021-09-30 00:00:00+00:00,-1.6531593554890343
2021-10-01 00:00:00+00:00,-0.9353495272420673
2021-10-02 00:00:00+00:00,-0.9791228665463851
2021-10-03 00:00:00+00:00,-1.259514258471075
2021-10-04 00:00:00+00:00,-0.36821434965946587
2021-10-05 00:00:00+00:00,-0.7677670388164373
2021-10-06 00:00:00+00:00,-1.06861446712111
2021-10-07 00:00:00+00:00,-0.4166280085677929
2021-10-08 00:00:00+00:00,-1.2514167602380564
2021-10-09 00:00:00+00:00,-1.3980220325067485
2021-10-10 00:00:00+00:00,-0.8877183391849481
2021-10-11 00:00:00+00:00,-0.7684623876026624
2021-10-12 00:00:00+00:00,-1.3465380686342954
2021-10-13 00:00:00+00:00,-0.6678104466698045
2021-10-14 00:00:00+00:00,1.307267250465518
2021-10-15 00:00:00+00:00,-0.40675535836039955
2021-10-16 00:00:00+00:00,-1.2078247974124743
2021-10-17 00:00:00+00:00,-0.7647347238721949
2021-10-18 00:00:00+00:00,-0.14834591758198634
2021-10-19 00:00:00+00:00,4.037137729246696
2021-10-20 00:00:00+00:00,4.018764222358527
2021-10-21 00:00:00+00:00,-1.551417524190315
2021-10-22 00:00:00+00:00,-1.9796926776496466
2021-10-23 00:00:00+00:00,-2.1744304761687516
2021-10-24 00:00:00+00:00,-2.62524921836882
2021-10-25 00:00:00+00:00,-0.7884332528975211
2021-10-26 00:00:00+00:00,1.0484780320312108
2021-10-27 00:00:00+00:00,2.991707219109143
2021-10-28 00:00:00+00:00,1.2037108724142875
2021-10-29 00:00:00+00:00,2.4198735478969464
2021-10-30 00:00:00+00:00,1.0401568038682019
2021-10-31 00:00:00+00:00,0.6791142114876454
2021-11-01 00:00:00+00:00,-0.4737096347526091
2021-11-02 00:00:00+00:00,-3.037099806550903
2021-11-03 00:00:00+00:00,-2.9235925313289783
2021-11-04 00:00:00+00:00,-1.9998891817779985
2021-11-05 00:00:00+00:00,-0.8972722654208152
2021-11-06 00:00:00+00:00,1.334220085806507
2021-11-07 00:00:00+00:00,0.5508018259508116
2021-11-08 00:00:00+00:00,-0.0038089945875139364
2021-11-09 00:00:00+00:00,-0.9400652187123608
2021-11-10 00:00:00+00:00,0.6565814276786508
2021-11-11 00:00:00+00:00,1.1465113459701364
2021-11-12 00:00:00+00:00,-0.6078049249327506
2021-11-13 00:00:00+00:00,1.612345301593228
2021-11-14 00:00:00+00:00,0.6402598700433337
2021-11-15 00:00:00+00:00,-2.1782605071080337
2021-11-16 00:00:00+00:00,-2.5432497393498563
2021-11-17 00:00:00+00:00,0.5681756518702663
2021-11-18 00:00:00+00:00,2.333064543095258
2021-11-19 00:00:00+00:00,3.003468718749078
2021-11-20 00:00:00+00:00,2.1022691809657648
2021-11-21 00:00:00+00:00,0.9148551593540386
2021-11-22 00:00:00+00:00,-0.942145879305432
2021-11-23 00:00:00+00:00,0.5645717785670854
2021-11-24 00:00:00+00:00,-1.1504438970955277
2021-11-25 00:00:00+00:00,-0.7788896705290664
2021-11-26 00:00:00+00:00,-2.3187120307384266
2021-11-27 00:00:00+00:00,-4.036611682179487
2021-11-28 00:00:00+00:00,-3.559702235525252
2021-11-29 00:00:00+00:00,-2.0588457985188544
2021-11-30 00:00:00+00:00,1.778426033083762
2021-12-01 00:00:00+00:00,1.6249996844788424
2021-12-02 00:00:00+00:00,-2.7524888893151545
2021-12-03 00:00:00+00:00,-3.0707339946851295
2021-12-04 00:00:00+00:00,-1.3276805907511058
2021-12-05 00:00:00+00:00,-2.1733585807967657
2021-12-06 00:00:00+00:00,-3.1098791038052815
2021-12-07 00:00:00+00:00,-1.6268545261029264
2021-12-08 00:00:00+00:00,-1.0680600331130101
2021-12-09 00:00:00+00:00,-2.5210240212224817
2021-12-10 00:00:00+00:00,-3.2961900897636642
2021-12-11 00:00:00+00:00,-1.3310839331135202
2021-12-12 00:00:00+00:00,2.5513511670873
2021-12-13 00:00:00+00:00,3.555256449593246
2021-12-14 00:00:00+00:00,3.1722735810882687
2021-12-15 00:00:00+00:00,4.181545963593551
2021-12-16 00:00:00+00:00,2.2997154417464793
2021-12-17 00:00:00+00:00,1.853839309948599
2021-12-18 00:00:00+00:00,2.610564319380453
2021-12-19 00:00:00+00:00,2.3365336848813145
2021-12-20 00:00:00+00:00,0.012974091691675405
2021-12-21 00:00:00+00:00,-4.424719997943466
2021-12-22 00:00:00+00:00,-5.06406883831247
2021-12-23 00:00:00+00:00,-1.484260393917943
2021-12-24 00:00:00+00:00,2.4730186666973664
2021-12-25 00:00:00+00:00,-5.900585873022039
2021-12-26 00:00:00+00:00,-5.775925551765568
2021-12-27 00:00:00+00:00,-0.15926987462798703
2021-12-28 00:00:00+00:00,3.3472803924671295
2021-12-29 00:00:00+00:00,4.324956778190336
2021-12-30 00:00:00+00:00,7.00707431107404
2021-12-31 00:00:00+00:00,7.014450254623374
2022-01-01 00:00:00+00:00,6.742901412268816
2022-01-02 00:00:00+00:00,6.646582132159011
2022-01-03 00:00:00+00:00,4.762972311792403
2022-01-04 00:00:00+00:00,1.8316444024862966
2022-01-05 00:00:00+00:00,0.8317504136820704
2022-01-06 00:00:00+00:00,-0.47005868291480724
2022-01-07 00:00:00+00:00,-0.17587644936112667
2022-01-08 00:00:00+00:00,-0.35446717766985625
2022-01-09 00:00:00+00:00,0.9837426138272898
2022-01-10 00:00:00+00:00,-0.771676216052541
2022-01-11 00:00:00+00:00,-1.1686505280464674
2022-01-12 00:00:00+00:00,0.6303105006792311
2022-01-13 00:00:00+00:00,1.5043623794814867
2022-01-14 00:00:00+00:00,1.0451638070193177
2022-01-15 00:00:00+00:00,-0.5952094261417384
2022-01-16 00:00:00+00:00,1.7332355648996982
2022-01-17 00:00:00+00:00,2.2367393616342666
2022-01-18 00:00:00+00:00,0.5548819442187582
2022-01-19 00:00:00+00:00,0.4897375933758594
2022-01-20 00:00:00+00:00,0.31213689211615936
2022-01-21 00:00:00+00:00,1.1720734272819442
2022-01-22 00:00:00+00:00,2.0632959909123025
2022-01-23 00:00:00+00:00,2.1962138814291556
2022-01-24 00:00:00+00:00,-0.7125053953561684
2022-01-25 00:00:00+00:00,-0.9295336254161022
2022-01-26 00:00:00+00:00,1.2680466141400553
2022-01-27 00:00:00+00:00,3.0948172555328037
2022-01-28 00:00:00+00:00,2.1341090405988403
2022-01-29 00:00:00+00:00,4.935925420897027
2022-01-30 00:00:00+00:00,1.7502660576339775
2022-01-31 00:00:00+00:00,1.2708804214091822
2022-02-01 00:00:00+00:00,3.0852737917798603
2022-02-02 00:00:00+00:00,3.826780656645565
2022-02-03 00:00:00+00:00,3.7579034114528094
2022-02-04 00:00:00+00:00,2.674480858219873
2022-02-05 00:00:00+00:00,2.1244346043821434
2022-02-06 00:00:00+00:00,3.1140166614582885
2022-02-07 00:00:00+00:00,1.4932369435376796
2022-02-08 00:00:00+00:00,4.8662645655894945
2022-02-09 00:00:00+00:00,4.495608841594027
2022-02-10 00:00:00+00:00,2.256277682496715
2022-02-11 00:00:00+00:00,0.32535939398554614
2022-02-12 00:00:00+00:00,-0.9304673259075629
2022-02-13 00:00:00+00:00,1.1388049106193598
2022-02-14 00:00:00+00:00,4.351937678389932
2022-02-15 00:00:00+00:00,2.7839393363272817
2022-02-16 00:00:00+00:00,5.734821624359105
2022-02-17 00:00:00+00:00,3.7670971601507564
2022-02-18 00:00:00+00:00,3.282861135667412
2022-02-19 00:00:00+00:00,0.9446263135662463
2022-02-20 00:00:00+00:00,3.0461545234197818
2022-02-21 00:00:00+00:00,0.9770453577714422
2022-02-22 00:00:00+00:00,2.206061368024523
2022-02-23 00:00:00+00:00,2.943634760165792
2022-02-24 00:00:00+00:00,1.4793638903249793
2022-02-25 00:00:00+00:00,0.11326726017147148
2022-02-26 00:00:00+00:00,-0.681724687850453
2022-02-27 00:00:00+00:00,-0.6930928754463634
2022-02-28 00:00:00+00:00,-0.5749873935550189
2022-03-01 00:00:00+00:00,-0.24405750758878497
2022-03-02 00:00:00+00:00,0.7080515371704923
2022-03-03 00:00:00+00:00,-0.14364198997835853
2022-03-04 00:00:00+00:00,-1.055369710857918
2022-03-05 00:00:00+00:00,-2.9041932442648832
2022-03-06 00:00:00+00:00,-2.7317588119715603
2022-03-07 00:00:00+00:00,-2.771379444874504
2022-03-08 00:00:00+00:00,-1.341781789288392
2022-03-09 00:00:00+00:00,0.40497188661673267
2022-03-10 00:00:00+00:00,2.5668223862366952
2022-03-11 00:00:00+00:00,3.502124677814866
2022-03-12 00:00:00+00:00,4.494235887586344
2022-03-13 00:00:00+00:00,5.547348092786557
2022-03-14 00:00:00+00:00,3.228148814526402
2022-03-15 00:00:00+00:00,2.7116670105360816
2022-03-16 00:00:00+00:00,3.3166790677796953
2022-03-17 00:00:00+00:00,1.8577877949428423
2022-03-18 00:00:00+00:00,2.318357414795381
2022-03-19 00:00:00+00:00,1.3963335564317365
2022-03-20 00:00:00+00:00,-1.4770117526091022
2022-03-21 00:00:00+00:00,1.165018905658524
2022-03-22 00:00:00+00:00,5.430782331553547
2022-03-23 00:00:00+00:00,5.036977699501601
2022-03-24 00:00:00+00:00,3.8378035496977336
2022-03-25 00:00:00+00:00,2.0916107796609387
2022-03-26 00:00:00+00:00,2.642188635682901
2022-03-27 00:00:00+00:00,1.4145627041735285
2022-03-28 00:00:00+00:00,0.3941789029058951
2022-03-29 00:00:00+00:00,-0.1335111278369414
2022-03-30 00:00:00+00:00,-2.653900734210503
2022-03-31 00:00:00+00:00,-5.923202657850291
2022-04-01 00:00:00+00:00,-5.730972245003252
2022-04-02 00:00:00+00:00,-4.6167609557466704
2022-04-03 00:00:00+00:00,-4.228453873291774
2022-04-04 00:00:00+00:00,-1.0931022133692112
2022-04-05 00:00:00+00:00,0.8705785663062695
2022-04-06 00:00:00+00:00,0.9292824564948035
2022-04-07 00:00:00+00:00,-0.7669531131831011
2022-04-08 00:00:00+00:00,-2.676431183931805
2022-04-09 00:00:00+00:00,-3.2053665775335887
2022-04-10 00:00:00+00:00,-2.7058109061665867
2022-04-11 00:00:00+00:00,0.20768841771519497
2022-04-12 00:00:00+00:00,4.103911171442794
2022-04-13 00:00:00+00:00,3.9037263121370174
2022-04-14 00:00:00+00:00,2.382169966660012
2022-04-15 00:00:00+00:00,-0.4023885784834391
2022-04-16 00:00:00+00:00,0.9167451127081421
2022-04-17 00:00:00+00:00,1.264610615542793
2022-04-18 00:00:00+00:00,2.7537406344037016
2022-04-19 00:00:00+00:00,2.3550049924796053
2022-04-20 00:00:00+00:00,1.139270621460085
2022-04-21 00:00:00+00:00,1.6107395511987033
2022-04-22 00:00:00+00:00,2.261112899347074
2022-04-23 00:00:00+00:00,1.7945918609630311
2022-04-24 00:00:00+00:00,0.22788169809584424
2022-04-25 00:00:00+00:00,-2.7181502706484544
2022-04-26 00:00:00+00:00,-1.8434686805583276
2022-04-27 00:00:00+00:00,-2.348041131281777
2022-04-28 00:00:00+00:00,-2.348496197301845
2022-04-29 00:00:00+00:00,-2.6906334384196313
2022-04-30 00:00:00+00:00,-3.149413410241584
2022-05-01 00:00:00+00:00,-2.4164716746680597
2022-05-02 00:00:00+00:00,-1.154268810380092
2022-05-03 00:00:00+00:00,-2.712775423321043
2022-05-04 00:00:00+00:00,-2.4086151571703134
2022-05-05 00:00:00+00:00,0.41657329619411776
2022-05-06 00:00:00+00:00,1.7836631862475159
2022-05-07 00:00:00+00:00,0.8926886933874716
2022-05-08 00:00:00+00:00,-1.864649081476557
2022-05-09 00:00:00+00:00,1.67835087268986
2022-05-10 00:00:00+00:00,3.6467274666857747
2022-05-11 00:00:00+00:00,2.278010500744225
2022-05-12 00:00:00+00:00,0.49723465423422475
2022-05-13 00:00:00+00:00,0.7544384753986417
2022-05-14 00:00:00+00:00,1.5079893711308028
2022-05-15 00:00:00+00:00,3.5204155967929083
2022-05-16 00:00:00+00:00,3.679258246079357
2022-05-17 00:00:00+00:00,4.105383240927864
2022-05-18 00:00:00+00:00,4.557153321481387
2022-05-19 00:00:00+00:00,2.9387750361039267
2022-05-20 00:00:00+00:00,-0.4913902685470237
2022-05-21 00:00:00+00:00,-0.3666419573882749
2022-05-22 00:00:00+00:00,1.488056383283876
2022-05-23 00:00:00+00:00,0.9394009360539215
2022-05-24 00:00:00+00:00,-1.19590735728414
2022-05-25 00:00:00+00:00,-0.8220063053268767
2022-05-26 00:00:00+00:00,0.6028110234126647
2022-05-27 00:00:00+00:00,-1.1297697089441243
2022-05-28 00:00:00+00:00,-2.86554411901073
2022-05-29 00:00:00+00:00,-4.900310111422353
2022-05-30 00:00:00+00:00,-4.404874888037538
2022-05-31 00:00:00+00:00,-2.6625429570518584
2022-06-01 00:00:00+00:00,-2.877446142020883
2022-06-02 00:00:00+00:00,-1.7203935907899162
2022-06-03 00:00:00+00:00,0.6753172156722762
2022-06-04 00:00:00+00:00,0.4222154545383354
2022-06-05 00:00:00+00:00,0.5536529524882923
2022-06-06 00:00:00+00:00,-2.2886628228207044
2022-06-07 00:00:00+00:00,-1.3255457711784278
2022-06-08 00:00:00+00:00,-1.4069611681368777
2022-06-09 00:00:00+00:00,-0.5328866732143744
2022-06-10 00:00:00+00:00,0.532121662013914
2022-06-11 00:00:00+00:00,1.0610123859415452
2022-06-12 00:00:00+00:00,-0.15661036092531688
2022-06-13 00:00:00+00:00,-1.9519708537033136
2022-06-14 00:00:00+00:00,-0.9021247907442671
2022-06-15 00:00:00+00:00,0.4783686988776452
2022-06-16 00:00:00+00:00,1.6416150480061589
2022-06-17 00:00:00+00:00,5.8355622441728805
2022-06-18 00:00:00+00:00,2.747722822498993
2022-06-19 00:00:00+00:00,-2.4052081412691884
2022-06-20 00:00:00+00:00,-2.0565400375887
2022-06-21 00:00:00+00:00,-1.143748729810433
2022-06-22 00:00:00+00:00,0.45193143927027535
2022-06-23 00:00:00+00:00,5.482610641004879
2022-06-24 00:00:00+00:00,1.9962215546267394
2022-06-25 00:00:00+00:00,0.565703361131785
2022-06-26 00:00:00+00:00,0.7577397373066077
2022-06-27 00:00:00+00:00,-0.7984771500941861
2022-06-28 00:00:00+00:00,0.20956434998027262
2022-06-29 00:00:00+00:00,2.8527213673579475
2022-06-30 00:00:00+00:00,0.5476755052790132
2022-07-01 00:00:00+00:00,-1.1513911648132513
2022-07-02 00:00:00+00:00,0.509706891675858
2022-07-03 00:00:00+00:00,0.15598366759958182
2022-07-04 00:00:00+00:00,-0.6958773906628437
2022-07-05 00:00:00+00:00,-2.0500283877769725
2022-07-06 00:00:00+00:00,-1.2897859838609804
2022-07-07 00:00:00+00:00,-1.3568043987290253
2022-07-08 00:00:00+00:00,-0.35523841596903694
2022-07-09 00:00:00+00:00,-0.5767433868536749
2022-07-10 00:00:00+00:00,-1.100469234083274
2022-07-11 00:00:00+00:00,0.5569235446402772
2022-07-12 00:00:00+00:00,3.3871168732098056
2022-07-13 00:00:00+00:00,3.094288093880351
2022-07-14 00:00:00+00:00,-1.6465600357913388
2022-07-15 00:00:00+00:00,-1.414579345834177
2022-07-16 00:00:00+00:00,-1.4514232565763123
2022-07-17 00:00:00+00:00,0.5429072188160298
2022-07-18 00:00:00+00:00,5.897589471975106
2022-07-19 00:00:00+00:00,10.94596829714435
2022-07-20 00:00:00+00:00,6.000532889167854
2022-07-21 00:00:00+00:00,-1.1636831583427991
2022-07-22 00:00:00+00:00,-1.3091968546637496
2022-07-23 00:00:00+00:00,-0.07766581343573264
2022-07-24 00:00:00+00:00,4.580920746037961
2022-07-25 00:00:00+00:00,2.462390997672692
2022-07-26 00:00:00+00:00,-1.7790824923367197
2022-07-27 00:00:00+00:00,-2.097661766275394
2022-07-28 00:00:00+00:00,-1.1850174754876903
2022-07-29 00:00:00+00:00,0.029686119223690355
2022-07-30 00:00:00+00:00,0.4422861473789652
2022-07-31 00:00:00+00:00,0.09027712878295091
2022-08-01 00:00:00+00:00,-0.2763360263328458
2022-08-02 00:00:00+00:00,2.2236869830122536
2022-08-03 00:00:00+00:00,4.321601849050872
2022-08-04 00:00:00+00:00,3.352814655950475
2022-08-05 00:00:00+00:00,-1.5430881193237944
2022-08-06 00:00:00+00:00,-2.1369446059665727
2022-08-07 00:00:00+00:00,-1.4620975381103882
2022-08-08 00:00:00+00:00,0.11061674657521792
2022-08-09 00:00:00+00:00,1.1936933084632457
2022-08-10 00:00:00+00:00,3.2412916077268292
2022-08-11 00:00:00+00:00,5.311740506274475
2022-08-12 00:00:00+00:00,6.292522269862367
2022-08-13 00:00:00+00:00,6.362806570383025
2022-08-14 00:00:00+00:00,7.02675148832974
2022-08-15 00:00:00+00:00,5.351005515435993
2022-08-16 00:00:00+00:00,4.10222855748912
2022-08-17 00:00:00+00:00,0.44291293731733106
2022-08-18 00:00:00+00:00,1.4772113979492545
2022-08-19 00:00:00+00:00,2.0801131059450917
2022-08-20 00:00:00+00:00,1.1974386548982814
2022-08-21 00:00:00+00:00,0.6500100691067736
2022-08-22 00:00:00+00:00,2.008643807412753
2022-08-23 00:00:00+00:00,3.110823767209663
2022-08-24 00:00:00+00:00,5.11904328861543
2022-08-25 00:00:00+00:00,6.616619158810536
2022-08-26 00:00:00+00:00,0.7076966165397103
2022-08-27 00:00:00+00:00,-0.9285736432239986
2022-08-28 00:00:00+00:00,0.011961535545655266
2022-08-29 00:00:00+00:00,0.04594777491250568
2022-08-30 00:00:00+00:00,0.8942081681204215
2022-08-31 00:00:00+00:00,1.440051284892192
2022-09-01 00:00:00+00:00,1.8834571768833186
2022-09-02 00:00:00+00:00,1.9077463832891688
2022-09-03 00:00:00+00:00,3.421221936603718
2022-09-04 00:00:00+00:00,3.7155413685282674
2022-09-05 00:00:00+00:00,5.769844716028352
2022-09-06 00:00:00+00:00,4.904938527536991
2022-09-07 00:00:00+00:00,2.2583118693026343
2022-09-08 00:00:00+00:00,0.07577033187964233
2022-09-09 00:00:00+00:00,-1.4010429632403874
2022-09-10 00:00:00+00:00,-0.45548735685846253
2022-09-11 00:00:00+00:00,0.774923354838684
2022-09-12 00:00:00+00:00,2.365152927320267
2022-09-13 00:00:00+00:00,1.6818496748858358
2022-09-14 00:00:00+00:00,0.09165347797014078
2022-09-15 00:00:00+00:00,-1.1262912094236146
2022-09-16 00:00:00+00:00,-2.8928463521642307
2022-09-17 00:00:00+00:00,-2.791375326309117
2022-09-18 00:00:00+00:00,-3.8635659112992595
2022-09-19 00:00:00+00:00,-2.6427812820346404
2022-09-20 00:00:00+00:00,-2.708214000832811
2022-09-21 00:00:00+00:00,-2.05572800927278
2022-09-22 00:00:00+00:00,-2.060347619926599
2022-09-23 00:00:00+00:00,-0.7929375079812289
2022-09-24 00:00:00+00:00,-1.5160267027531305
2022-09-25 00:00:00+00:00,-2.2046455790979778
2022-09-26 00:00:00+00:00,-3.2129878487181642
2022-09-27 00:00:00+00:00,-5.078585551370688
2022-09-28 00:00:00+00:00,-4.4431340459778195
2022-09-29 00:00:00+00:00,-4.314999001643507
2022-09-30 00:00:00+00:00,-2.265045388577791
2022-10-01 00:00:00+00:00,-0.9349644689322893
2022-10-02 00:00:00+00:00,-0.9227177875492352
2022-10-03 00:00:00+00:00,-1.180407162626782
2022-10-04 00:00:00+00:00,0.11484332369646921
2022-10-05 00:00:00+00:00,1.1880103348350595
2022-10-06 00:00:00+00:00,-0.2317827106743362
2022-10-07 00:00:00+00:00,-0.14247962953158044
2022-10-08 00:00:00+00:00,-1.5857794639620977
2022-10-09 00:00:00+00:00,-2.6263014719390974
2022-10-10 00:00:00+00:00,-2.4286581173420227
2022-10-11 00:00:00+00:00,-2.509556060054102
2022-10-12 00:00:00+00:00,-2.4856931460017666
2022-10-13 00:00:00+00:00,-1.8425173971391402
2022-10-14 00:00:00+00:00,-1.2383980013804088
2022-10-15 00:00:00+00:00,0.45996169751696847
2022-10-16 00:00:00+00:00,1.2983672101151225
2022-10-17 00:00:00+00:00,2.2246899115017147
2022-10-18 00:00:00+00:00,0.4139040515360577
2022-10-19 00:00:00+00:00,-1.6881942348677743
2022-10-20 00:00:00+00:00,-0.43164391742384645
2022-10-21 00:00:00+00:00,1.9835239398738054
2022-10-22 00:00:00+00:00,2.0697781891271436
2022-10-23 00:00:00+00:00,2.618742608934914
2022-10-24 00:00:00+00:00,2.4887199148153147
2022-10-25 00:00:00+00:00,1.5296717696471518
2022-10-26 00:00:00+00:00,3.191559794126725
2022-10-27 00:00:00+00:00,4.134774577237128
2022-10-28 00:00:00+00:00,4.861358686726874
2022-10-29 00:00:00+00:00,4.5233596795949556
2022-10-30 00:00:00+00:00,4.462409112578959
2022-10-31 00:00:00+00:00,2.595141552643259
2022-11-01 00:00:00+00:00,3.2465155874643017
2022-11-02 00:00:00+00:00,1.6873318359096334
2022-11-03 00:00:00+00:00,2.0342219585077235
2022-11-04 00:00:00+00:00,-0.8711823320944472
2022-11-05 00:00:00+00:00,-0.9330812606893435
2022-11-06 00:00:00+00:00,-0.17234897908530655
2022-11-07 00:00:00+00:00,1.8839024442954972
2022-11-08 00:00:00+00:00,2.675220034794341
2022-11-09 00:00:00+00:00,2.082812921865468
2022-11-10 00:00:00+00:00,2.4045693493949383
2022-11-11 00:00:00+00:00,1.1571226859854544
2022-11-12 00:00:00+00:00,0.017517935204336865
2022-11-13 00:00:00+00:00,0.3188442457916416
2022-11-14 00:00:00+00:00,-3.5125555781747932
2022-11-15 00:00:00+00:00,0.8107444328397442
2022-11-16 00:00:00+00:00,0.8980009238970759
2022-11-17 00:00:00+00:00,0.8054317256043149
2022-11-18 00:00:00+00:00,-1.4253331359228465
2022-11-19 00:00:00+00:00,-7.6318263291546256
2022-11-20 00:00:00+00:00,-8.34741273730248
2022-11-21 00:00:00+00:00,-4.174208898538191
2022-11-22 00:00:00+00:00,-2.27474779627938
2022-11-23 00:00:00+00:00,-0.5803115495446978
2022-11-24 00:00:00+00:00,0.26948434661885834
2022-11-25 00:00:00+00:00,0.5433580606333539
2022-11-26 00:00:00+00:00,-1.2045549661906527
2022-11-27 00:00:00+00:00,-1.4784530103153068
2022-11-28 00:00:00+00:00,0.29454994327971207
2022-11-29 00:00:00+00:00,-0.873078789733885
2022-11-30 00:00:00+00:00,-1.6063675839529523
2022-12-01 00:00:00+00:00,-3.663679495254603
2022-12-02 00:00:00+00:00,-4.41171095190222
2022-12-03 00:00:00+00:00,-5.74424264574834
2022-12-04 00:00:00+00:00,-6.2321364235371375
2022-12-05 00:00:00+00:00,-2.148337778309073
2022-12-06 00:00:00+00:00,-2.344957740910096
2022-12-07 00:00:00+00:00,-2.8803578716081217
2022-12-08 00:00:00+00:00,-4.125398851819169
2022-12-09 00:00:00+00:00,-7.413441925945505
2022-12-10 00:00:00+00:00,-6.9361801313284435
2022-12-11 00:00:00+00:00,-5.52280655031798
2022-12-12 00:00:00+00:00,-7.758763982461651
2022-12-13 00:00:00+00:00,-9.350327806815022
2022-12-14 00:00:00+00:00,-9.087106764376003
2022-12-15 00:00:00+00:00,-7.206624962645179
2022-12-16 00:00:00+00:00,-6.804740608314469
2022-12-17 00:00:00+00:00,-8.38981070008628
2022-12-18 00:00:00+00:00,-9.009775221625079
2022-12-19 00:00:00+00:00,0.6436764653562088
2022-12-20 00:00:00+00:00,3.5788549278732447
2022-12-21 00:00:00+00:00,1.0249052083085282
2022-12-22 00:00:00+00:00,2.0005554309090003
2022-12-23 00:00:00+00:00,2.6432836081411013
2022-12-24 00:00:00+00:00,3.1051571469012877
2022-12-25 00:00:00+00:00,2.90073335458027
2022-12-26 00:00:00+00:00,1.440411244979174
2022-12-27 00:00:00+00:00,0.3991743440758082
2022-12-28 00:00:00+00:00,3.2311691956393513
2022-12-29 00:00:00+00:00,3.4572108666919057
2022-12-30 00:00:00+00:00,2.5022819528151183
2022-12-31 00:00:00+00:00,7.553866583300412
2023-01-01 00:00:00+00:00,6.397363426141342
2023-01-02 00:00:00+00:00,3.1202596928664814
2023-01-03 00:00:00+00:00,0.40170284321146266
2023-01-04 00:00:00+00:00,5.777097089628848
2023-01-05 00:00:00+00:00,5.0880954016344
2023-01-06 00:00:00+00:00,4.615931509988509
2023-01-07 00:00:00+00:00,5.127262410711563
2023-01-08 00:00:00+00:00,2.9783266689320325
2023-01-09 00:00:00+00:00,1.8878574225661398
2023-01-10 00:00:00+00:00,1.949597585828048
2023-01-11 00:00:00+00:00,4.636450852569512
2023-01-12 00:00:00+00:00,5.33798969944798
2023-01-13 00:00:00+00:00,3.6542093889222826
2023-01-14 00:00:00+00:00,3.141343972074913
2023-01-15 00:00:00+00:00,1.4118907912601832
2023-01-16 00:00:00+00:00,-0.8362433174226274
2023-01-17 00:00:00+00:00,-2.9947326218318153
2023-01-18 00:00:00+00:00,-2.7823331916621523
2023-01-19 00:00:00+00:00,-1.3282168965008179
2023-01-20 00:00:00+00:00,-3.974057904060903
2023-01-21 00:00:00+00:00,-4.469858898593008
2023-01-22 00:00:00+00:00,-3.3864582794754345
2023-01-23 00:00:00+00:00,-1.7009429599833523
2023-01-24 00:00:00+00:00,-2.525814966237333
2023-01-25 00:00:00+00:00,-4.542328066331539
2023-01-26 00:00:00+00:00,-0.4525666996418485
2023-01-27 00:00:00+00:00,-0.7898648763141041
2023-01-28 00:00:00+00:00,-1.716723276932647
2023-01-29 00:00:00+00:00,-0.28730870236922
2023-01-30 00:00:00+00:00,2.1567124561876945
2023-01-31 00:00:00+00:00,1.9653417170231258
2023-02-01 00:00:00+00:00,2.5635820075055156
2023-02-02 00:00:00+00:00,3.3931008635163735
2023-02-03 00:00:00+00:00,3.9289040286998755
2023-02-04 00:00:00+00:00,2.491825553532604
2023-02-05 00:00:00+00:00,1.5985378942137238
2023-02-06 00:00:00+00:00,-1.034287288624089
2023-02-07 00:00:00+00:00,-4.210810471382572
2023-02-08 00:00:00+00:00,-4.3393602691442466
2023-02-09 00:00:00+00:00,-2.557428637496705
2023-02-10 00:00:00+00:00,-0.5316763745343138
2023-02-11 00:00:00+00:00,2.1774898769632776
2023-02-12 00:00:00+00:00,1.2679936671764818
2023-02-13 00:00:00+00:00,1.9023454367156134
2023-02-14 00:00:00+00:00,-0.813197686083952
2023-02-15 00:00:00+00:00,-0.3390394880405392
2023-02-16 00:00:00+00:00,2.7810818258219774
2023-02-17 00:00:00+00:00,4.459671429050168
2023-02-18 00:00:00+00:00,4.79258537036587
2023-02-19 00:00:00+00:00,2.354828270100744
2023-02-20 00:00:00+00:00,2.8443303164617273
2023-02-21 00:00:00+00:00,3.0506922616284484
2023-02-22 00:00:00+00:00,1.4926751176837003
2023-02-23 00:00:00+00:00,0.8765453523782956
2023-02-24 00:00:00+00:00,-0.8268492152685463
2023-02-25 00:00:00+00:00,-1.5591584195319497
2023-02-26 00:00:00+00:00,-3.034948752705892
2023-02-27 00:00:00+00:00,-2.8875372699880684
2023-02-28 00:00:00+00:00,-3.033572594523779
2023-03-01 00:00:00+00:00,-3.6376205226071687
2023-03-02 00:00:00+00:00,-2.591328529038387
2023-03-03 00:00:00+00:00,-1.7071777726351343
2023-03-04 00:00:00+00:00,-0.15806640189681254
2023-03-05 00:00:00+00:00,-2.033554760819709
2023-03-06 00:00:00+00:00,-2.450291194861517
2023-03-07 00:00:00+00:00,-3.2186707570533377
2023-03-08 00:00:00+00:00,-5.1511714142573695
2023-03-09 00:00:00+00:00,-4.793604753568564
2023-03-10 00:00:00+00:00,-5.1896976888581365
2023-03-11 00:00:00+00:00,-3.914427467457201
2023-03-12 00:00:00+00:00,-0.5406874769784178
2023-03-13 00:00:00+00:00,5.133628447726349
2023-03-14 00:00:00+00:00,-0.07270098252570634
2023-03-15 00:00:00+00:00,-2.113822818471842
2023-03-16 00:00:00+00:00,1.154040120242949
2023-03-17 00:00:00+00:00,4.212165237585026
2023-03-18 00:00:00+00:00,4.654327653525909
2023-03-19 00:00:00+00:00,2.009719896312993
2023-03-20 00:00:00+00:00,0.4804518946193461
2023-03-21 00:00:00+00:00,2.631135969575114
2023-03-22 00:00:00+00:00,2.499298826682793
2023-03-23 00:00:00+00:00,4.4537175476186635
2023-03-24 00:00:00+00:00,3.0277535819229966
2023-03-25 00:00:00+00:00,1.1985227385814063
2023-03-26 00:00:00+00:00,-1.2922811225002384
2023-03-27 00:00:00+00:00,-3.3842138991246884
2023-03-28 00:00:00+00:00,-3.727243455533448
2023-03-29 00:00:00+00:00,1.545326868764283
2023-03-30 00:00:00+00:00,3.5606107500666653
2023-03-31 00:00:00+00:00,1.8061366714608162
2023-04-01 00:00:00+00:00,0.6611067137135453
2023-04-02 00:00:00+00:00,-2.7682017539259105
2023-04-03 00:00:00+00:00,-3.4025880830085278
2023-04-04 00:00:00+00:00,-3.9920213552508628
2023-04-05 00:00:00+00:00,-2.90313539198008
2023-04-06 00:00:00+00:00,-2.5317313636562284
2023-04-07 00:00:00+00:00,-0.8486097994686332
2023-04-08 00:00:00+00:00,-1.137071597003672
2023-04-09 00:00:00+00:00,1.2800019680187997
2023-04-10 00:00:00+00:00,0.7963882319434727
2023-04-11 00:00:00+00:00,0.07670973331486408
2023-04-12 00:00:00+00:00,-0.5373337970473564
2023-04-13 00:00:00+00:00,-1.5415444460298087
2023-04-14 00:00:00+00:00,-0.8817191282608245
2023-04-15 00:00:00+00:00,-1.2244875961969086
2023-04-16 00:00:00+00:00,-1.5719074502571022
2023-04-17 00:00:00+00:00,-1.0260191490023605
2023-04-18 00:00:00+00:00,-1.0742910193569646
2023-04-19 00:00:00+00:00,-0.38544026686882127
2023-04-20 00:00:00+00:00,-2.1323449860056574
2023-04-21 00:00:00+00:00,0.06627782951579242
2023-04-22 00:00:00+00:00,-1.8707867236290987
2023-04-23 00:00:00+00:00,0.04399753124152461
2023-04-24 00:00:00+00:00,-2.445584159593439
2023-04-25 00:00:00+00:00,-4.674914190687929
2023-04-26 00:00:00+00:00,-5.554375507876153
2023-04-27 00:00:00+00:00,-4.217262618734518
2023-04-28 00:00:00+00:00,-1.811458603054776
2023-04-29 00:00:00+00:00,-0.8285926233254237
2023-04-30 00:00:00+00:00,-0.5978002352182763
2023-05-01 00:00:00+00:00,-0.6586249980769505
2023-05-02 00:00:00+00:00,-3.1651994854043988
2023-05-03 00:00:00+00:00,-3.200824295346143
2023-05-04 00:00:00+00:00,1.1366259388337898
2023-05-05 00:00:00+00:00,1.5888445382871978
2023-05-06 00:00:00+00:00,2.2371227681296464
2023-05-07 00:00:00+00:00,2.8814938270049932
2023-05-08 00:00:00+00:00,1.7282438366694741
2023-05-09 00:00:00+00:00,0.23990583159863021
2023-05-10 00:00:00+00:00,-0.6022322513799061
2023-05-11 00:00:00+00:00,-0.22522158342484921
2023-05-12 00:00:00+00:00,2.018890546012342
2023-05-13 00:00:00+00:00,1.959305718916113
2023-05-14 00:00:00+00:00,-0.0268596215266399
2023-05-15 00:00:00+00:00,-3.1520721811188253
2023-05-16 00:00:00+00:00,-3.5350448248013127
2023-05-17 00:00:00+00:00,-3.6799095867541336
2023-05-18 00:00:00+00:00,-3.9199696804474637
2023-05-19 00:00:00+00:00,-1.0739415086395816
2023-05-20 00:00:00+00:00,0.5998783266811074
2023-05-21 00:00:00+00:00,1.2161060144131053
2023-05-22 00:00:00+00:00,2.2747695245207034
2023-05-23 00:00:00+00:00,-2.2115904017224093
2023-05-24 00:00:00+00:00,-2.9096152614217825
2023-05-25 00:00:00+00:00,-2.6276017996803187
2023-05-26 00:00:00+00:00,-2.5863530191430577
2023-05-27 00:00:00+00:00,-1.6504181894656966
2023-05-28 00:00:00+00:00,-0.44060485670405924
2023-05-29 00:00:00+00:00,-3.04229485262192
2023-05-30 00:00:00+00:00,-2.99920230391408
2023-05-31 00:00:00+00:00,-1.0717256413423595
2023-06-01 00:00:00+00:00,-3.5764866087814973
2023-06-02 00:00:00+00:00,-2.3717992721723906
2023-06-03 00:00:00+00:00,0.0965349716198709
2023-06-04 00:00:00+00:00,-0.9818696139539984
2023-06-05 00:00:00+00:00,-1.9736501137869897
2023-06-06 00:00:00+00:00,-1.8412809696723063
2023-06-07 00:00:00+00:00,-1.5909819887541339
2023-06-08 00:00:00+00:00,-0.09355935187038611
2023-06-09 00:00:00+00:00,3.473934378215148
2023-06-10 00:00:00+00:00,5.307353248693687
2023-06-11 00:00:00+00:00,7.454644908707799
2023-06-12 00:00:00+00:00,6.769998601465431
2023-06-13 00:00:00+00:00,4.993028156474146
2023-06-14 00:00:00+00:00,3.69876298189779
2023-06-15 00:00:00+00:00,3.597630057037737
2023-06-16 00:00:00+00:00,2.8938309249411702
2023-06-17 00:00:00+00:00,2.9998896851383954
2023-06-18 00:00:00+00:00,4.603332986511365
2023-06-19 00:00:00+00:00,3.397924020295619
2023-06-20 00:00:00+00:00,4.7232755132176365
2023-06-21 00:00:00+00:00,2.65857372076961
2023-06-22 00:00:00+00:00,1.6621754206236794
2023-06-23 00:00:00+00:00,2.779933906187619
2023-06-24 00:00:00+00:00,3.7577069803036984
2023-06-25 00:00:00+00:00,6.793422949092864
2023-06-26 00:00:00+00:00,1.5371186159457757
2023-06-27 00:00:00+00:00,-0.2716237243373101
2023-06-28 00:00:00+00:00,0.4526437087438211
2023-06-29 00:00:00+00:00,-0.056727824168135044
2023-06-30 00:00:00+00:00,-1.0497265876915947
2023-07-01 00:00:00+00:00,-0.7534153769542726
2023-07-02 00:00:00+00:00,-1.2136115226843813
2023-07-03 00:00:00+00:00,-1.4990448961433813
2023-07-04 00:00:00+00:00,-1.6326219138986424
2023-07-05 00:00:00+00:00,-3.551825542434919
2023-07-06 00:00:00+00:00,-1.0983093026029778
2023-07-07 00:00:00+00:00,2.4216957260958196
2023-07-08 00:00:00+00:00,5.693608901390167
2023-07-09 00:00:00+00:00,3.227871014286066
2023-07-10 00:00:00+00:00,1.8286602852817815
2023-07-11 00:00:00+00:00,2.5168113607515714
2023-07-12 00:00:00+00:00,-0.0055646905006589975
2023-07-13 00:00:00+00:00,-0.3822293805167689
2023-07-14 00:00:00+00:00,-0.14648680528796731
2023-07-15 00:00:00+00:00,1.624580352314446
2023-07-16 00:00:00+00:00,-0.2294361802180127
2023-07-17 00:00:00+00:00,-1.2106112676136114
2023-07-18 00:00:00+00:00,-0.6710143692277626
2023-07-19 00:00:00+00:00,-1.0835635412744224
2023-07-20 00:00:00+00:00,-1.7565834388808774
2023-07-21 00:00:00+00:00,-2.571312317965262
2023-07-22 00:00:00+00:00,-3.1694240369363715
2023-07-23 00:00:00+00:00,-1.2196500582151053
2023-07-24 00:00:00+00:00,-1.842831449577229
2023-07-25 00:00:00+00:00,-3.6493708853169657
2023-07-26 00:00:00+00:00,-3.305941647231144
2023-07-27 00:00:00+00:00,-2.1333716254235533
2023-07-28 00:00:00+00:00,0.4975086810707161
2023-07-29 00:00:00+00:00,-0.3882998361588932
2023-07-30 00:00:00+00:00,-1.1512148951622656
2023-07-31 00:00:00+00:00,-1.4141568237119913
2023-08-01 00:00:00+00:00,-1.7687855592064388
2023-08-02 00:00:00+00:00,-1.948443648392299
2023-08-03 00:00:00+00:00,-1.7656292469069435
2023-08-04 00:00:00+00:00,-2.0807601186404767
2023-08-05 00:00:00+00:00,-3.879254134917895
2023-08-06 00:00:00+00:00,-3.6986247735014413
2023-08-07 00:00:00+00:00,-3.140953117413522
2023-08-08 00:00:00+00:00,-2.958328853580536
2023-08-09 00:00:00+00:00,-2.8986767712979393
2023-08-10 00:00:00+00:00,-1.1599142605171409
2023-08-11 00:00:00+00:00,1.5246096900454056
2023-08-12 00:00:00+00:00,0.6048954949762795
2023-08-13 00:00:00+00:00,-0.1544840255902642
2023-08-14 00:00:00+00:00,1.513124356448241
2023-08-15 00:00:00+00:00,0.4223032797582391
2023-08-16 00:00:00+00:00,-0.27279620365966295
2023-08-17 00:00:00+00:00,-0.2596846255269689
2023-08-18 00:00:00+00:00,1.8387099018292474
2023-08-19 00:00:00+00:00,2.959879688764648
2023-08-20 00:00:00+00:00,1.2433934717767912
2023-08-21 00:00:00+00:00,0.8267354171340884
2023-08-22 00:00:00+00:00,0.3807301246735051
2023-08-23 00:00:00+00:00,0.39702763176592626
2023-08-24 00:00:00+00:00,1.617281417447881
2023-08-25 00:00:00+00:00,1.0518924067185154
2023-08-26 00:00:00+00:00,-2.0908230249994055
2023-08-27 00:00:00+00:00,-3.2483800472359956
2023-08-28 00:00:00+00:00,-1.9145443696894056
2023-08-29 00:00:00+00:00,-2.447665237281143
2023-08-30 00:00:00+00:00,-3.654015425053018
2023-08-31 00:00:00+00:00,-2.2106892329072725
2023-09-01 00:00:00+00:00,-1.8010494801912706
2023-09-02 00:00:00+00:00,-0.4438565001286001
2023-09-03 00:00:00+00:00,-0.8349621340980633
2023-09-04 00:00:00+00:00,0.879771274237747
2023-09-05 00:00:00+00:00,4.408662884952431
2023-09-06 00:00:00+00:00,5.0225213680226375
2023-09-07 00:00:00+00:00,4.687991909640012
2023-09-08 00:00:00+00:00,4.582136218666218
2023-09-09 00:00:00+00:00,4.60701853322923
2023-09-10 00:00:00+00:00,7.2563626274589765
2023-09-11 00:00:00+00:00,4.25722681836023
2023-09-12 00:00:00+00:00,2.25958597282078
2023-09-13 00:00:00+00:00,-0.0032464852471854044
2023-09-14 00:00:00+00:00,-1.8000525676346282
2023-09-15 00:00:00+00:00,-0.7912647144342468
2023-09-16 00:00:00+00:00,1.7918352134876514
2023-09-17 00:00:00+00:00,0.624218942143763
2023-09-18 00:00:00+00:00,2.1621137922007243
2023-09-19 00:00:00+00:00,-0.3320093131260471
2023-09-20 00:00:00+00:00,1.850153159940053
2023-09-21 00:00:00+00:00,-0.4810006361354091
2023-09-22 00:00:00+00:00,-2.5192569219574263
2023-09-23 00:00:00+00:00,-2.3313122828506145
2023-09-24 00:00:00+00:00,-1.8505246604003336
2023-09-25 00:00:00+00:00,-0.05400634388841041
2023-09-26 00:00:00+00:00,1.1790430383739956
2023-09-27 00:00:00+00:00,2.1048435278139337
2023-09-28 00:00:00+00:00,1.960867844461884
2023-09-29 00:00:00+00:00,1.0720843959120128
2023-09-30 00:00:00+00:00,-0.5802847136249305
2023-10-01 00:00:00+00:00,2.803722325820871
2023-10-02 00:00:00+00:00,3.2365800392079453
2023-10-03 00:00:00+00:00,1.526583675797525
2023-10-04 00:00:00+00:00,-0.0033777814509043935
2023-10-05 00:00:00+00:00,0.8383313935947179
2023-10-06 00:00:00+00:00,1.4266806797894347
2023-10-07 00:00:00+00:00,3.6303803183347956
2023-10-08 00:00:00+00:00,0.8619003224726445
2023-10-09 00:00:00+00:00,3.175375487246537
2023-10-10 00:00:00+00:00,2.924937399327515
2023-10-11 00:00:00+00:00,3.7084714469017737
2023-10-12 00:00:00+00:00,0.582188829616797
2023-10-13 00:00:00+00:00,3.750226568583498
2023-10-14 00:00:00+00:00,-1.7936984835688161
2023-10-15 00:00:00+00:00,-4.797540632587831
2023-10-16 00:00:00+00:00,-4.194666332446525
2023-10-17 00:00:00+00:00,-4.3955281751476125
2023-10-18 00:00:00+00:00,-3.9064078804873716
2023-10-19 00:00:00+00:00,1.0414092142185947
2023-10-20 00:00:00+00:00,-2.6000323355556585
2023-10-21 00:00:00+00:00,0.0317339287940861
2023-10-22 00:00:00+00:00,-1.1966546206284079
2023-10-23 00:00:00+00:00,-3.2352401878248465
2023-10-24 00:00:00+00:00,-1.5048900424851137
2023-10-25 00:00:00+00:00,-2.761887509550329
2023-10-26 00:00:00+00:00,-3.216685958759644
2023-10-27 00:00:00+00:00,-1.9339012941836966
2023-10-28 00:00:00+00:00,-1.1177399437481075
2023-10-29 00:00:00+00:00,0.5650946512502699
2023-10-30 00:00:00+00:00,-1.0020919533689074
2023-10-31 00:00:00+00:00,-0.9526746941811286
2023-11-01 00:00:00+00:00,0.36331201032929705
2023-11-02 00:00:00+00:00,-1.1708312297497816
2023-11-03 00:00:00+00:00,-1.7343097652860635
2023-11-04 00:00:00+00:00,-2.2959078976418255
2023-11-05 00:00:00+00:00,-1.0119098682276206
2023-11-06 00:00:00+00:00,-1.3490183480739066
2023-11-07 00:00:00+00:00,-1.5051869274233187
2023-11-08 00:00:00+00:00,-1.5679441053468128
2023-11-09 00:00:00+00:00,-1.474834279387034
2023-11-10 00:00:00+00:00,-3.267551235231492
2023-11-11 00:00:00+00:00,-2.6919640364188435
2023-11-12 00:00:00+00:00,-4.939779014081553
2023-11-13 00:00:00+00:00,-0.8276927567274814
2023-11-14 00:00:00+00:00,1.6630098999362843
2023-11-15 00:00:00+00:00,0.9677133831341909
2023-11-16 00:00:00+00:00,-2.4698694068950378
2023-11-17 00:00:00+00:00,-4.537273986866827
2023-11-18 00:00:00+00:00,-1.913695280473588
2023-11-19 00:00:00+00:00,2.886247891535552
2023-11-20 00:00:00+00:00,1.035436821214974
2023-11-21 00:00:00+00:00,-1.0244903767804026
2023-11-22 00:00:00+00:00,-3.839403655463747
2023-11-23 00:00:00+00:00,2.703165474146296
2023-11-24 00:00:00+00:00,-1.9280623473835776
2023-11-25 00:00:00+00:00,-2.499787218384765
2023-11-26 00:00:00+00:00,-3.8307934666474885
2023-11-27 00:00:00+00:00,-4.335692340061721
2023-11-28 00:00:00+00:00,-5.712432897340794
2023-11-29 00:00:00+00:00,-5.94437909883057
2023-11-30 00:00:00+00:00,-7.800312197407058
2023-12-01 00:00:00+00:00,-8.734427729464882
2023-12-02 00:00:00+00:00,-8.90092305599936
2023-12-03 00:00:00+00:00,-7.612326903785094
2023-12-04 00:00:00+00:00,-6.368668956653226
2023-12-05 00:00:00+00:00,-6.222061246870231
2023-12-06 00:00:00+00:00,-4.718365396620898
2023-12-07 00:00:00+00:00,-7.609692909597684
2023-12-08 00:00:00+00:00,-2.789821712699114
2023-12-09 00:00:00+00:00,0.16622135216013234
2023-12-10 00:00:00+00:00,2.0125762361254047
2023-12-11 00:00:00+00:00,1.7200499413619328
2023-12-12 00:00:00+00:00,0.10944727889586492
2023-12-13 00:00:00+00:00,0.20574697633445282
2023-12-14 00:00:00+00:00,-1.9764968145370068
2023-12-15 00:00:00+00:00,0.3585270897160653
2023-12-16 00:00:00+00:00,1.9399589115212263
2023-12-17 00:00:00+00:00,1.6823565195126937
2023-12-18 00:00:00+00:00,1.304452835613092
2023-12-19 00:00:00+00:00,1.7916348419808772
2023-12-20 00:00:00+00:00,1.7584659878217552
2023-12-21 00:00:00+00:00,3.092426196061867
2023-12-22 00:00:00+00:00,2.028908869880649
2023-12-23 00:00:00+00:00,3.1637248991017346
2023-12-24 00:00:00+00:00,4.6801856664398285
2023-12-25 00:00:00+00:00,4.672026053601622
2023-12-26 00:00:00+00:00,1.6871399472391486
2023-12-27 00:00:00+00:00,-0.022407255246264413
2023-12-28 00:00:00+00:00,3.093364359948686
2023-12-29 00:00:00+00:00,2.79158322852929
2023-12-30 00:00:00+00:00,2.0989598134483414
2023-12-31 00:00:00+00:00,2.9343351100955974
2024-01-01 00:00:00+00:00,1.6030446513297356
2024-01-02 00:00:00+00:00,4.178484512351273
2024-01-03 00:00:00+00:00,3.5458153154149104
2024-01-04 00:00:00+00:00,1.2966818343801014
2024-01-05 00:00:00+00:00,0.9102379990983502
2024-01-06 00:00:00+00:00,-2.4385287003640665
2024-01-07 00:00:00+00:00,-5.307965159669081
2024-01-08 00:00:00+00:00,-6.4772513463167884
2024-01-09 00:00:00+00:00,-8.06098199592364
2024-01-10 00:00:00+00:00,-7.486252008669731
2024-01-11 00:00:00+00:00,-5.66973865591642
2024-01-12 00:00:00+00:00,-1.7031194269952765
2024-01-13 00:00:00+00:00,-0.6051538861692123
2024-01-14 00:00:00+00:00,-0.4182462697667102
2024-01-15 00:00:00+00:00,-3.031634883490123
2024-01-16 00:00:00+00:00,-4.466202539898688
2024-01-17 00:00:00+00:00,-6.141664916067046
2024-01-18 00:00:00+00:00,-5.293341037420037
2024-01-19 00:00:00+00:00,-4.228299745744296
2024-01-20 00:00:00+00:00,-5.038213207377309
2024-01-21 00:00:00+00:00,-2.308503201574456
2024-01-22 00:00:00+00:00,4.094160210945497
2024-01-23 00:00:00+00:00,2.632272675276014
2024-01-24 00:00:00+00:00,4.491247093419119
2024-01-25 00:00:00+00:00,1.5127484752021472
2024-01-26 00:00:00+00:00,2.9009404390146365
2024-01-27 00:00:00+00:00,-1.1212580876348852
2024-01-28 00:00:00+00:00,-0.7934353677423474
2024-01-29 00:00:00+00:00,1.2781616453880646
2024-01-30 00:00:00+00:00,2.656029808159664
2024-01-31 00:00:00+00:00,0.7089242865186343
2024-02-01 00:00:00+00:00,1.1514282556089928
2024-02-02 00:00:00+00:00,2.331461299247306
2024-02-03 00:00:00+00:00,4.419776409217274
2024-02-04 00:00:00+00:00,4.210291984384409
2024-02-05 00:00:00+00:00,3.323765829631088
2024-02-06 00:00:00+00:00,4.37061575461225
2024-02-07 00:00:00+00:00,-0.7033165276678597
2024-02-08 00:00:00+00:00,-2.960527502457477
2024-02-09 00:00:00+00:00,4.7344081449628135
2024-02-10 00:00:00+00:00,4.37941252732268
2024-02-11 00:00:00+00:00,2.68491205322767
2024-02-12 00:00:00+00:00,0.6634141248485346
2024-02-13 00:00:00+00:00,0.6753430354348904
2024-02-14 00:00:00+00:00,4.904044466653946
2024-02-15 00:00:00+00:00,6.784942485755169
2024-02-16 00:00:00+00:00,4.872216542561623
2024-02-17 00:00:00+00:00,3.851296966288878
2024-02-18 00:00:00+00:00,3.4680226621925883
2024-02-19 00:00:00+00:00,2.4307431080454958
2024-02-20 00:00:00+00:00,2.501971350445025
2024-02-21 00:00:00+00:00,3.023388000952652
2024-02-22 00:00:00+00:00,3.786671232065993
2024-02-23 00:00:00+00:00,-0.6164942269751039
2024-02-24 00:00:00+00:00,-1.6569274945471122
2024-02-25 00:00:00+00:00,-0.488780041164925
2024-02-26 00:00:00+00:00,-1.3391181941661037
2024-02-27 00:00:00+00:00,-1.6641751425557434
2024-02-28 00:00:00+00:00,-0.15560034201072614
2024-02-29 00:00:00+00:00,1.467873979958167
2024-03-01 00:00:00+00:00,1.3625153186879944
2024-03-02 00:00:00+00:00,2.172096886890536
2024-03-03 00:00:00+00:00,3.3987156090261053
2024-03-04 00:00:00+00:00,0.2361465155260083
2024-03-05 00:00:00+00:00,-0.6905922631348176
2024-03-06 00:00:00+00:00,-0.49814700251313493
2024-03-07 00:00:00+00:00,-1.6573273904188026
2024-03-08 00:00:00+00:00,-1.8847796332806173
2024-03-09 00:00:00+00:00,0.8361855373453864
2024-03-10 00:00:00+00:00,1.7722587581272577
2024-03-11 00:00:00+00:00,-0.2619535728302429
2024-03-12 00:00:00+00:00,0.931487197090413
2024-03-13 00:00:00+00:00,3.2130255679612727
2024-03-14 00:00:00+00:00,4.632681880118059
2024-03-15 00:00:00+00:00,4.511317306839053
2024-03-16 00:00:00+00:00,0.38854144689601355
2024-03-17 00:00:00+00:00,1.4872963169790605
2024-03-18 00:00:00+00:00,2.463857343997838
2024-03-19 00:00:00+00:00,2.8057523572614818
2024-03-20 00:00:00+00:00,2.606756580539354
2024-03-21 00:00:00+00:00,0.9064856240050201
2024-03-22 00:00:00+00:00,0.8987124760660752
2024-03-23 00:00:00+00:00,-2.281116004918143
2024-03-24 00:00:00+00:00,-2.318387099028289
2024-03-25 00:00:00+00:00,-1.3714057332835896
2024-03-26 00:00:00+00:00,0.2619405097549201
2024-03-27 00:00:00+00:00,0.646266883279278
2024-03-28 00:00:00+00:00,-0.6100655325697666
2024-03-29 00:00:00+00:00,1.3533916603960137
2024-03-30 00:00:00+00:00,-0.5779178305830772
2024-03-31 00:00:00+00:00,0.9147930016987349
2024-04-01 00:00:00+00:00,0.16280045523704345
2024-04-02 00:00:00+00:00,-0.08177789044425054
2024-04-03 00:00:00+00:00,1.135256816362073
2024-04-04 00:00:00+00:00,1.6076836901212577
2024-04-05 00:00:00+00:00,3.535540098553305
2024-04-06 00:00:00+00:00,7.3001036530548
2024-04-07 00:00:00+00:00,5.56391019904879
2024-04-08 00:00:00+00:00,4.243657806265237
2024-04-09 00:00:00+00:00,1.4143797589550786
2024-04-10 00:00:00+00:00,0.4948615460410313
2024-04-11 00:00:00+00:00,2.755966851207594
2024-04-12 00:00:00+00:00,4.274815542933446
2024-04-13 00:00:00+00:00,5.2160256644693614
2024-04-14 00:00:00+00:00,-0.0016195762358233168
2024-04-15 00:00:00+00:00,-2.601004816657939
2024-04-16 00:00:00+00:00,-3.275841549865792
2024-04-17 00:00:00+00:00,-4.8823491347323635
2024-04-18 00:00:00+00:00,-4.0434058061857705
2024-04-19 00:00:00+00:00,-3.290228685496656
2024-04-20 00:00:00+00:00,-4.791532790599435
2024-04-21 00:00:00+00:00,-5.1451987464441356
2024-04-22 00:00:00+00:00,-5.7136932953755135
2024-04-23 00:00:00+00:00,-6.17614730753684
2024-04-24 00:00:00+00:00,-5.767939491295072
2024-04-25 00:00:00+00:00,-5.928620403684045
2024-04-26 00:00:00+00:00,-4.495653760863121
2024-04-27 00:00:00+00:00,-2.0002554485878896
2024-04-28 00:00:00+00:00,-0.06113953268968153
2024-04-29 00:00:00+00:00,-0.6011840695611763
2024-04-30 00:00:00+00:00,3.1004768833551974
2024-05-01 00:00:00+00:00,5.543875257079371
2024-05-02 00:00:00+00:00,4.518635460608962
2024-05-03 00:00:00+00:00,-1.4210391295588813
2024-05-04 00:00:00+00:00,-1.562621179895837
2024-05-05 00:00:00+00:00,-0.8019014102982069
2024-05-06 00:00:00+00:00,0.6403183954730363
2024-05-07 00:00:00+00:00,-0.1484281206286493
2024-05-08 00:00:00+00:00,-1.4555994013345188
2024-05-09 00:00:00+00:00,-1.004081984434615
2024-05-10 00:00:00+00:00,0.2853274868764757
2024-05-11 00:00:00+00:00,1.7814087536848877
2024-05-12 00:00:00+00:00,4.465452431076946
2024-05-13 00:00:00+00:00,4.7270759978961365
2024-05-14 00:00:00+00:00,4.82047978654021
2024-05-15 00:00:00+00:00,1.610274972801598
2024-05-16 00:00:00+00:00,1.163171565754375
2024-05-17 00:00:00+00:00,0.8625303976903655
2024-05-18 00:00:00+00:00,1.922973114107558
2024-05-19 00:00:00+00:00,1.8028621637539928
2024-05-20 00:00:00+00:00,0.6043167887296725
2024-05-21 00:00:00+00:00,1.4773720146496174
2024-05-22 00:00:00+00:00,0.30122064087120215
2024-05-23 00:00:00+00:00,-0.23451376921177847
2024-05-24 00:00:00+00:00,-0.7818888978052119
2024-05-25 00:00:00+00:00,-0.34711768227787587
2024-05-26 00:00:00+00:00,-0.771841324649392
2024-05-27 00:00:00+00:00,-1.34977030099971
2024-05-28 00:00:00+00:00,-2.1017103707976155
2024-05-29 00:00:00+00:00,-1.2297145861451995
2024-05-30 00:00:00+00:00,-2.239999300935887
2024-05-31 00:00:00+00:00,-1.2221231799231855
2024-06-01 00:00:00+00:00,-1.0968802076972484
2024-06-02 00:00:00+00:00,-2.8100876975669493
2024-06-03 00:00:00+00:00,-2.7492073003447803
2024-06-04 00:00:00+00:00,-1.0329580130315446
2024-06-05 00:00:00+00:00,-3.869650187398941
2024-06-06 00:00:00+00:00,-3.9509205384670434
2024-06-07 00:00:00+00:00,-3.3100711528742064
2024-06-08 00:00:00+00:00,-3.9408284971370975
2024-06-09 00:00:00+00:00,-4.509832425798384
2024-06-10 00:00:00+00:00,-5.835801189459387
2024-06-11 00:00:00+00:00,-5.602049442695703
2024-06-12 00:00:00+00:00,-6.114793251853319
2024-06-13 00:00:00+00:00,-3.667762102722671
2024-06-14 00:00:00+00:00,-2.842179908088763
2024-06-15 00:00:00+00:00,-3.6171830151549376
2024-06-16 00:00:00+00:00,-3.5156762128379295
2024-06-17 00:00:00+00:00,-2.3751267389323623
2024-06-18 00:00:00+00:00,-2.314262287142423
2024-06-19 00:00:00+00:00,-2.820563013978459
2024-06-20 00:00:00+00:00,-2.6002535455168037
2024-06-21 00:00:00+00:00,-2.076230984020608
2024-06-22 00:00:00+00:00,-1.9193009144196473
2024-06-23 00:00:00+00:00,-0.5732014106474352
2024-06-24 00:00:00+00:00,1.1537609581663801
2024-06-25 00:00:00+00:00,2.8678491216502735
2024-06-26 00:00:00+00:00,7.226175502293305
2024-06-27 00:00:00+00:00,5.779168009697649
2024-06-28 00:00:00+00:00,0.542265034983032
2024-06-29 00:00:00+00:00,1.6384004453444412
2024-06-30 00:00:00+00:00,-0.31366042123507754
2024-07-01 00:00:00+00:00,-1.9201477611149578
2024-07-02 00:00:00+00:00,-2.9206248099696026
2024-07-03 00:00:00+00:00,-3.981752347601283
2024-07-04 00:00:00+00:00,-2.0764267025919665
2024-07-05 00:00:00+00:00,-3.150464756792781
2024-07-06 00:00:00+00:00,-2.8580204496498
2024-07-07 00:00:00+00:00,-3.7720002823647416
2024-07-08 00:00:00+00:00,-1.8319713218894975
2024-07-09 00:00:00+00:00,2.0808267952467467
2024-07-10 00:00:00+00:00,0.18932785927901108
2024-07-11 00:00:00+00:00,-0.8002139162824413
2024-07-12 00:00:00+00:00,-3.9565368979703432
2024-07-13 00:00:00+00:00,-4.200458035507047
2024-07-14 00:00:00+00:00,-1.9111408647785488
2024-07-15 00:00:00+00:00,1.0551784893649092
2024-07-16 00:00:00+00:00,-0.7785836895174505
2024-07-17 00:00:00+00:00,-0.49157571190816185
2024-07-18 00:00:00+00:00,1.957865515392978
2024-07-19 00:00:00+00:00,5.057261487169988
2024-07-20 00:00:00+00:00,6.358686097868745
2024-07-21 00:00:00+00:00,2.0996486398527274
2024-07-22 00:00:00+00:00,0.5697428018369379
2024-07-23 00:00:00+00:00,-0.3414503324995799
2024-07-24 00:00:00+00:00,-0.04434128572215812
2024-07-25 00:00:00+00:00,-0.828507187669544
2024-07-26 00:00:00+00:00,0.07063222369678712
2024-07-27 00:00:00+00:00,0.234329601623255
2024-07-28 00:00:00+00:00,0.8730069900749378
2024-07-29 00:00:00+00:00,2.572074823426668
2024-07-30 00:00:00+00:00,5.00862492633447
2024-07-31 00:00:00+00:00,3.2805545137874788
2024-08-01 00:00:00+00:00,1.1149711913401923
2024-08-02 00:00:00+00:00,1.9347719555251608
2024-08-03 00:00:00+00:00,1.7920461944458133
2024-08-04 00:00:00+00:00,-0.6902953114506403
2024-08-05 00:00:00+00:00,1.685657611579522
2024-08-06 00:00:00+00:00,3.9053205317087816
2024-08-07 00:00:00+00:00,1.9791014128498219
2024-08-08 00:00:00+00:00,2.2194996161457823
2024-08-09 00:00:00+00:00,0.7431689016389207
2024-08-10 00:00:00+00:00,0.4542754301170717
2024-08-11 00:00:00+00:00,2.9715577651375007
2024-08-12 00:00:00+00:00,6.451262875227478
2024-08-13 00:00:00+00:00,6.064211136260898
2024-08-14 00:00:00+00:00,2.9520593340103076
2024-08-15 00:00:00+00:00,2.7460496668735637
2024-08-16 00:00:00+00:00,0.8774257487742467
2024-08-17 00:00:00+00:00,0.9357466122350857
2024-08-18 00:00:00+00:00,1.2918557116234304
2024-08-19 00:00:00+00:00,1.0790469265677594
2024-08-20 00:00:00+00:00,-0.5276674344557044
2024-08-21 00:00:00+00:00,-1.5303976303673252
2024-08-22 00:00:00+00:00,-0.06665648356058895
2024-08-23 00:00:00+00:00,0.6572976241881889
